HomeVictory,HomeDefeat,HomeDraw,HomeGoal,ExtVictory,ExtDefeat,ExtDraw,ExtGoal,Date,TrueResult,BetH,BetD,BetA
0.333333333333,0,0.666666666667,2.66666666667,0,0,1,1.66666666667,131025,D,1.62,4,5
1,0,0,2.33333333333,0,0.333333333333,0.666666666667,0.666666666667,131026,H,1.1,9,21
0.666666666667,0,0.333333333333,2.33333333333,0,0.666666666667,0.333333333333,1.66666666667,131026,A,2.3,3.5,2.9
0.666666666667,0,0.333333333333,2,0.333333333333,0.666666666667,0,1,131026,H,1.5,4.33,6
0,0.666666666667,0.333333333333,1,0.333333333333,0.666666666667,0,1,131026,H,1.57,4.1,5.25
0.666666666667,0.333333333333,0,2,0.333333333333,0.333333333333,0.333333333333,1,131026,A,4.2,3.6,1.83
0.666666666667,0.333333333333,0,1.33333333333,0.333333333333,0.333333333333,0.333333333333,1.33333333333,131026,H,1.62,3.75,5.5
0,0,1,1,0.333333333333,0.333333333333,0.333333333333,3,131027,A,2.6,3.4,2.6
1,0,0,3.33333333333,0.333333333333,0,0.666666666667,1.66666666667,131027,H,2.05,3.5,3.4
1,0,0,4,0.666666666667,0,0.333333333333,2.66666666667,131101,H,1.22,6,12
0,0.666666666667,0.333333333333,1,0.666666666667,0.333333333333,0,2,131102,H,7,4.33,1.44
0,0.333333333333,0.666666666667,1.33333333333,0.333333333333,0.666666666667,0,1,131102,A,2.3,3.4,3
0.333333333333,0.333333333333,0.333333333333,2.33333333333,0,0.666666666667,0.333333333333,1,131102,A,2.3,3.5,2.9
0.666666666667,0.333333333333,0,1.33333333333,0.666666666667,0,0.333333333333,2.33333333333,131102,A,2.3,3.4,3
0.333333333333,0.333333333333,0.333333333333,2,0.333333333333,0,0.666666666667,2,131102,A,12,6,1.25
0,0.666666666667,0.333333333333,0.333333333333,0,0.666666666667,0.333333333333,0.333333333333,131102,A,2,3.4,3.75
0.333333333333,0.333333333333,0.333333333333,1.66666666667,0,1,0,1,131103,H,2,3.5,3.6
0,0.333333333333,0.666666666667,1,0,1,0,0,131103,H,2.25,3.5,3
0.333333333333,0.333333333333,0.333333333333,1.33333333333,0.333333333333,0.666666666667,0,1,131108,D,1.62,3.8,5.5
1,0,0,2.66666666667,0,1,0,1,131109,H,1.13,8,19
0,0.666666666667,0.333333333333,1.66666666667,0,0.333333333333,0.666666666667,1.33333333333,131109,A,2.2,3.4,3.2
0.666666666667,0,0.333333333333,1.66666666667,0.666666666667,0,0.333333333333,3.33333333333,131109,H,1.5,4.33,6
1,0,0,3.33333333333,0,0,1,1.66666666667,131109,H,1.53,4.1,6
0.333333333333,0.666666666667,0,1.66666666667,0.333333333333,0.333333333333,0.333333333333,1,131109,H,1.57,4,5.5
0.666666666667,0.333333333333,0,1.66666666667,0.333333333333,0.333333333333,0.333333333333,1.33333333333,131109,H,4.5,3.8,1.73
0,0.333333333333,0.666666666667,0.666666666667,0.333333333333,0.333333333333,0.333333333333,2.66666666667,131110,A,3,3.4,2.3
0.333333333333,0.333333333333,0.333333333333,1.66666666667,0,0.333333333333,0.666666666667,1,131110,H,2.5,3.3,2.88
0,0,1,1,0.333333333333,0.333333333333,0.333333333333,1.33333333333,131122,A,2.3,3.5,2.9
0.333333333333,0.333333333333,0.333333333333,1.66666666667,0.333333333333,0.333333333333,0.333333333333,2.33333333333,131123,H,2.1,3.5,3.3
0.333333333333,0.666666666667,0,1,0.333333333333,0.333333333333,0.333333333333,1,131123,A,2.4,3.3,2.9
1,0,0,4,0.666666666667,0,0.333333333333,2.33333333333,131123,A,3.6,3.6,2
0,0.333333333333,0.666666666667,1.33333333333,0.666666666667,0,0.333333333333,2.66666666667,131123,D,2.6,3.4,2.6
0.666666666667,0.333333333333,0,1.33333333333,0.666666666667,0.333333333333,0,2,131123,A,3,3.25,2.38
0,0.666666666667,0.333333333333,0.333333333333,0.666666666667,0.333333333333,0,1.33333333333,131123,D,3.2,3.4,2.2
0,0.666666666667,0.333333333333,1,0,1,0,0.666666666667,131124,H,2,3.6,3.5
0.333333333333,0,0.666666666667,2,0,1,0,1,131124,A,2.38,3.4,2.88
0.666666666667,0.333333333333,0,1.66666666667,0.666666666667,0.333333333333,0,3.66666666667,131129,D,1.8,3.6,4.33
1,0,0,3.33333333333,0.333333333333,0.333333333333,0.333333333333,0.666666666667,131130,H,1.06,15,51
0.333333333333,0.666666666667,0,0.333333333333,0,1,0,0.666666666667,131130,D,2,3.5,3.6
0,1,0,1.33333333333,0,0.666666666667,0.333333333333,0.666666666667,131130,D,1.8,3.75,4.2
0.666666666667,0,0.333333333333,2.66666666667,0,0.333333333333,0.666666666667,1,131130,H,1.44,4.5,6.5
0.666666666667,0,0.333333333333,1.66666666667,0.333333333333,0.666666666667,0,1.33333333333,131130,A,5,4.33,1.57
0.666666666667,0.333333333333,0,2.66666666667,0.333333333333,0.333333333333,0.333333333333,2.33333333333,131130,H,1.67,3.8,5
0,0.333333333333,0.666666666667,0.666666666667,0,0.666666666667,0.333333333333,0.666666666667,131201,H,2.4,3.4,2.8
1,0,0,3,0.666666666667,0,0.333333333333,1.33333333333,131201,H,1.4,4.33,8.5
0,0.666666666667,0.333333333333,0.333333333333,0.333333333333,0.666666666667,0,1.66666666667,131206,D,2.6,3.2,2.75
0.666666666667,0.333333333333,0,2.33333333333,0.666666666667,0.333333333333,0,1,131207,A,1.5,4.33,6
0,0.333333333333,0.666666666667,1.66666666667,0.333333333333,0.333333333333,0.333333333333,2,131207,A,2.1,3.6,3.25
0.333333333333,0.333333333333,0.333333333333,2,0,0.666666666667,0.333333333333,0.333333333333,131207,A,2.05,3.5,3.5
1,0,0,2.66666666667,0.666666666667,0,0.333333333333,2.66666666667,131207,H,2.25,3.4,3.1
0,0.333333333333,0.666666666667,0.666666666667,0,1,0,1,131207,H,2,3.5,3.6
0.333333333333,0.333333333333,0.333333333333,1.66666666667,0.666666666667,0,0.333333333333,2,131207,A,12,6,1.22
0.333333333333,0.666666666667,0,1,0.333333333333,0.333333333333,0.333333333333,2,131208,A,3.5,3.3,2.1
0,0.666666666667,0.333333333333,0.666666666667,0.666666666667,0,0.333333333333,1.66666666667,131208,A,3.75,3.4,2
0,0.666666666667,0.333333333333,0,0,0.666666666667,0.333333333333,1.66666666667,131213,H,1.62,4,5.25
0.666666666667,0.333333333333,0,1.66666666667,0,0.666666666667,0.333333333333,0,131214,H,1.5,4,7
1,0,0,2.66666666667,0.333333333333,0.333333333333,0.333333333333,2.33333333333,131214,H,1.1,9,21
0.333333333333,0.333333333333,0.333333333333,1,0,0.666666666667,0.333333333333,0.666666666667,131214,D,1.95,3.5,3.75
0,0.666666666667,0.333333333333,2.33333333333,0.666666666667,0.333333333333,0,2.33333333333,131214,D,4.33,4,1.73
0.666666666667,0.333333333333,0,1.33333333333,0.666666666667,0.333333333333,0,1.33333333333,131214,D,2.75,3.3,2.5
0.666666666667,0,0.333333333333,2,0.333333333333,0.666666666667,0,1.33333333333,131214,H,1.75,3.75,4.5
1,0,0,3.33333333333,0,1,0,0.333333333333,131215,A,1.44,4.33,7
0.666666666667,0.333333333333,0,2.33333333333,0.666666666667,0.333333333333,0,1.33333333333,131215,H,1.4,4.5,8
0,0.666666666667,0.333333333333,1.66666666667,0.333333333333,0.333333333333,0.333333333333,0.333333333333,131220,D,2.3,3.4,3
0.333333333333,0.666666666667,0,0.333333333333,0.666666666667,0.333333333333,0,2,131221,H,4,3.4,1.91
0.333333333333,0.666666666667,0,2,0.666666666667,0.333333333333,0,2.33333333333,131221,A,1.36,5,7.5
0,1,0,0.333333333333,0,1,0,1.66666666667,131221,H,2.45,3.3,2.8
0.333333333333,0.666666666667,0,1,0.333333333333,0.333333333333,0.333333333333,1.66666666667,131221,A,2.1,3.5,3.3
0,0.333333333333,0.666666666667,0.666666666667,0.333333333333,0.333333333333,0.333333333333,2,131221,D,3.4,3.5,2.05
0.333333333333,0.666666666667,0,1.66666666667,0.666666666667,0.333333333333,0,0.666666666667,131221,H,4.5,3.75,1.73
1,0,0,2,0.666666666667,0,0.333333333333,2,131222,D,2.1,3.4,3.4
0.666666666667,0,0.333333333333,1.66666666667,1,0,0,4,140124,A,6.5,4.5,1.44
0,1,0,0.333333333333,0.333333333333,0,0.666666666667,0.666666666667,140125,D,1.29,5.5,9.5
0,0.333333333333,0.666666666667,1.66666666667,1,0,0,2.33333333333,140125,H,2.38,3.4,2.88
0.333333333333,0.666666666667,0,1,0.666666666667,0.333333333333,0,0.666666666667,140125,H,4.5,3.75,1.73
0,0,1,0.666666666667,0.333333333333,0.666666666667,0,0.666666666667,140125,H,2.6,3.4,2.63
0.333333333333,0.333333333333,0.333333333333,1.66666666667,0.666666666667,0,0.333333333333,2.33333333333,140125,A,2.05,3.4,3.5
0.666666666667,0,0.333333333333,2,0,1,0,1.33333333333,140125,A,1.55,4.2,5.5
0.333333333333,0.666666666667,0,1.66666666667,0,0.333333333333,0.666666666667,1.33333333333,140126,A,2.7,3.6,2.4
0.333333333333,0.666666666667,0,1,0,0.666666666667,0.333333333333,0.333333333333,140126,D,1.85,3.5,4.2
0.333333333333,0.666666666667,0,1.66666666667,1,0,0,4,140129,A,10,6,1.25
0.333333333333,0.666666666667,0,0.333333333333,0.333333333333,0.333333333333,0.333333333333,2,140131,A,10,5.5,1.29
1,0,0,2.66666666667,0,0.666666666667,0.333333333333,2.33333333333,140201,H,1.67,3.75,5
0.333333333333,0,0.666666666667,1.66666666667,0.666666666667,0,0.333333333333,1.33333333333,140201,H,2.7,3.4,2.5
0,0.333333333333,0.666666666667,2.66666666667,0,0.666666666667,0.333333333333,1.66666666667,140201,H,2.05,3.4,3.5
0.666666666667,0.333333333333,0,2.66666666667,0.333333333333,0.666666666667,0,1.33333333333,140201,H,1.5,4.2,6.25
0.333333333333,0.333333333333,0.333333333333,0.666666666667,0.333333333333,0.666666666667,0,0.333333333333,140201,H,1.75,3.75,4.5
1,0,0,2.66666666667,0.333333333333,0,0.666666666667,2,140201,H,2,3.5,3.6
1,0,0,2.66666666667,0.333333333333,0.666666666667,0,0.333333333333,140202,H,1.1,10,17
0.333333333333,0.333333333333,0.333333333333,1,0,0.666666666667,0.333333333333,1.33333333333,140202,A,1.83,3.6,4.2
0.333333333333,0.333333333333,0.333333333333,1.33333333333,0.333333333333,0.666666666667,0,1,140207,A,2.55,3.3,2.7
0.333333333333,0.333333333333,0.333333333333,1,0,0.666666666667,0.333333333333,0.333333333333,140208,H,1.62,3.75,5.5
0.666666666667,0.333333333333,0,1.66666666667,0.333333333333,0.666666666667,0,0.666666666667,140208,D,2.63,3.5,2.5
0,1,0,0.666666666667,0.666666666667,0.333333333333,0,1.33333333333,140208,A,2.6,3.4,2.6
0.333333333333,0,0.666666666667,1.66666666667,1,0,0,3.66666666667,140208,A,11,6.5,1.22
0.333333333333,0.333333333333,0.333333333333,0.333333333333,0.666666666667,0,0.333333333333,2.33333333333,140208,A,8,4.75,1.36
0.333333333333,0.333333333333,0.333333333333,1.66666666667,0.666666666667,0,0.333333333333,2,140208,H,1.8,3.6,4.33
1,0,0,2.33333333333,0.333333333333,0.666666666667,0,2,140209,H,1.57,3.8,6
0.333333333333,0.666666666667,0,2,0.333333333333,0,0.666666666667,1.33333333333,140209,A,2.4,3.4,2.8
0.333333333333,0.333333333333,0.333333333333,1,0.333333333333,0.666666666667,0,1.33333333333,140214,H,1.91,3.5,4
1,0,0,3.33333333333,0,1,0,0,140215,H,1.08,10,23
0.333333333333,0.666666666667,0,0.666666666667,0,0.666666666667,0.333333333333,0.666666666667,140215,H,2.75,3.3,2.5
0,0.666666666667,0.333333333333,1,0.333333333333,0.666666666667,0,0.333333333333,140215,H,1.25,6,10
0.333333333333,0,0.666666666667,3,0,1,0,0.666666666667,140215,H,1.95,3.6,3.6
0.666666666667,0.333333333333,0,1.66666666667,0.333333333333,0.333333333333,0.333333333333,1.33333333333,140215,A,2.1,3.4,3.4
0.333333333333,0.333333333333,0.333333333333,0.666666666667,0.333333333333,0.333333333333,0.333333333333,1,140215,D,3.5,3.5,2.05
1,0,0,3,0.333333333333,0.333333333333,0.333333333333,2,140216,A,1.8,3.6,4.33
0.333333333333,0.333333333333,0.333333333333,1.33333333333,0.333333333333,0.333333333333,0.333333333333,2,140216,A,2.38,3.4,2.88
1,0,0,2,0.666666666667,0.333333333333,0,1.66666666667,140221,D,1.75,3.6,4.6
0.666666666667,0,0.333333333333,2,0.333333333333,0,0.666666666667,2.33333333333,140222,A,3.1,3.25,2.3
0,1,0,0.666666666667,0.666666666667,0,0.333333333333,3,140222,H,7.5,5,1.36
0,0.666666666667,0.333333333333,0.666666666667,0,0.666666666667,0.333333333333,0.333333333333,140222,D,1.95,3.6,3.6
0.333333333333,0.333333333333,0.333333333333,1.33333333333,0,0.666666666667,0.333333333333,0.333333333333,140222,H,1.62,3.75,5.5
0,1,0,1,0.666666666667,0.333333333333,0,1.66666666667,140222,A,2.63,3.3,2.6
0.666666666667,0.333333333333,0,2.33333333333,0.333333333333,0.666666666667,0,1,140222,H,2.4,3.4,2.8
0.666666666667,0,0.333333333333,1.66666666667,0,0.666666666667,0.333333333333,2.33333333333,140223,D,1.7,3.75,4.75
0.666666666667,0,0.333333333333,2.66666666667,1,0,0,2,140223,A,10,7,1.22
0.333333333333,0.666666666667,0,1.66666666667,0,1,0,0,140228,D,1.62,3.75,5.5
0.666666666667,0.333333333333,0,2.33333333333,0.333333333333,0.666666666667,0,1,140301,D,1.75,3.6,4.75
1,0,0,4,0.666666666667,0,0.333333333333,1.66666666667,140301,H,1.18,7,13
0.666666666667,0.333333333333,0,2,0,0.333333333333,0.666666666667,0.666666666667,140301,D,4,3.5,1.91
0.333333333333,0.333333333333,0.333333333333,2.33333333333,0.666666666667,0,0.333333333333,2.33333333333,140301,H,1.22,6.5,11
0.333333333333,0.666666666667,0,1,0.333333333333,0.333333333333,0.333333333333,0.666666666667,140301,A,1.75,3.8,4.33
0,0.333333333333,0.666666666667,0.666666666667,0,1,0,1,140301,H,2.63,3.5,2.5
0.666666666667,0,0.333333333333,1.33333333333,0,1,0,1,140302,H,2.1,3.5,3.3
0.666666666667,0,0.333333333333,3,0.333333333333,0.333333333333,0.333333333333,1.66666666667,140302,H,2.6,3.4,2.6
0.333333333333,0.666666666667,0,1,0.333333333333,0.666666666667,0,0.333333333333,140308,D,2.5,3.3,2.75
0.333333333333,0.333333333333,0.333333333333,2,0.333333333333,0.666666666667,0,1.33333333333,140308,D,3,3.4,2.3
0,0.666666666667,0.333333333333,0.666666666667,0.666666666667,0,0.333333333333,3.33333333333,140308,A,2.3,3.25,3.1
0.666666666667,0.333333333333,0,2,0,0.666666666667,0.333333333333,1,140308,A,1.91,3.5,4
0.666666666667,0,0.333333333333,1.33333333333,0,0.333333333333,0.666666666667,1,140308,H,1.75,4,4.2
0,1,0,1,0,0.666666666667,0.333333333333,0.333333333333,140308,D,1.67,3.8,5
0.666666666667,0.333333333333,0,2.33333333333,1,0,0,2.66666666667,140308,A,9,5.75,1.29
0.333333333333,0.333333333333,0.333333333333,2,0.666666666667,0.333333333333,0,2.33333333333,140309,A,9,5,1.33
0.666666666667,0,0.333333333333,1.33333333333,0.666666666667,0.333333333333,0,1.66666666667,140309,D,2.2,3.2,3.4
0.333333333333,0.333333333333,0.333333333333,1.33333333333,0.666666666667,0.333333333333,0,2,140314,A,2.25,3.3,3.1
1,0,0,4.66666666667,0.333333333333,0.333333333333,0.333333333333,1,140315,H,1.14,8,15
0.333333333333,0.333333333333,0.333333333333,2,0.333333333333,0.666666666667,0,1.66666666667,140315,D,3.8,3.6,1.91
0.666666666667,0,0.333333333333,3,0,0.333333333333,0.666666666667,1,140315,A,1.36,5,7.5
0,0.666666666667,0.333333333333,0.666666666667,0,0.666666666667,0.333333333333,0.333333333333,140315,A,1.91,3.5,4
1,0,0,4.33333333333,0.333333333333,0.333333333333,0.333333333333,0.333333333333,140315,A,2.2,3.5,3.1
0.333333333333,0.333333333333,0.333333333333,1,0,1,0,1,140315,D,2.5,3.4,2.7
0.666666666667,0,0.333333333333,1.66666666667,0,0.666666666667,0.333333333333,0,140316,A,1.83,3.6,4.2
0.333333333333,0.333333333333,0.333333333333,1.33333333333,0.666666666667,0.333333333333,0,1.33333333333,140316,H,2.2,3.4,3.2
0,0.666666666667,0.333333333333,1,0.333333333333,0.333333333333,0.333333333333,1,140321,H,2.2,3.3,3.25
0.333333333333,0.333333333333,0.333333333333,1.33333333333,0.666666666667,0.333333333333,0,2,140322,A,4.75,4,1.67
0.666666666667,0,0.333333333333,1.66666666667,1,0,0,4,140322,A,11,6.5,1.22
0,0.666666666667,0.333333333333,1,0.666666666667,0,0.333333333333,2,140322,H,2,3.4,3.75
0.666666666667,0,0.333333333333,2,0,0.666666666667,0.333333333333,1,140322,H,1.4,4.75,7
0,0.666666666667,0.333333333333,1.33333333333,0,1,0,0.666666666667,140322,H,2,3.5,3.6
0.666666666667,0.333333333333,0,2.33333333333,1,0,0,3.33333333333,140322,D,2.1,3.5,3.3
0.333333333333,0.666666666667,0,1,0,0.333333333333,0.666666666667,1,140323,A,1.73,3.8,4.5
0.333333333333,0.666666666667,0,0.666666666667,0,0.666666666667,0.333333333333,0.333333333333,140323,A,2.4,3.3,2.88
0.333333333333,0,0.666666666667,2,0.666666666667,0,0.333333333333,1.66666666667,140325,H,3.4,3.4,2.1
0.666666666667,0.333333333333,0,2.66666666667,0.666666666667,0.333333333333,0,1.66666666667,140325,D,1.44,4.75,6.5
0,0.666666666667,0.333333333333,0.333333333333,1,0,0,4,140325,A,13,6.5,1.2
0.333333333333,0,0.666666666667,1,0.333333333333,0.333333333333,0.333333333333,1.66666666667,140325,A,3.1,3.4,2.25
0,0.666666666667,0.333333333333,0.666666666667,0,0.666666666667,0.333333333333,1,140326,A,2.4,3.4,2.88
0.333333333333,0.333333333333,0.333333333333,1,0.333333333333,0,0.666666666667,1.33333333333,140326,H,2.6,3.3,2.63
0.666666666667,0,0.333333333333,2,0.333333333333,0.333333333333,0.333333333333,1.33333333333,140326,D,2.1,3.4,3.4
0.666666666667,0.333333333333,0,4,0.333333333333,0.333333333333,0.333333333333,1.33333333333,140326,H,1.91,3.75,3.6
0.333333333333,0.666666666667,0,1.33333333333,0,0.666666666667,0.333333333333,1,140326,H,2.75,3.4,2.45
0.666666666667,0,0.333333333333,2.33333333333,0.333333333333,0.333333333333,0.333333333333,1,140328,H,1.8,3.6,4.25
1,0,0,3.66666666667,0.333333333333,0.333333333333,0.333333333333,1.66666666667,140329,D,1.14,8,15
0.333333333333,0.666666666667,0,1.66666666667,0.333333333333,0.666666666667,0,0.666666666667,140329,H,2.15,3.3,3.4
0,1,0,1,0,0.666666666667,0.333333333333,1.33333333333,140329,D,1.33,5.25,8
0.333333333333,0.333333333333,0.333333333333,1,0.666666666667,0,0.333333333333,2.33333333333,140329,H,2.38,3.25,3
0.333333333333,0.333333333333,0.333333333333,1.33333333333,0.666666666667,0.333333333333,0,1.33333333333,140329,A,4.75,4,1.67
0.333333333333,0.333333333333,0.333333333333,1.66666666667,0.333333333333,0.333333333333,0.333333333333,2,140329,H,1.83,3.6,4.2
0,0.666666666667,0.333333333333,0.333333333333,0.333333333333,0.333333333333,0.333333333333,1,140330,A,1.91,3.6,3.8
0.333333333333,0.333333333333,0.333333333333,2,0,1,0,0.666666666667,140330,H,1.75,3.75,4.5
0.333333333333,0,0.666666666667,1.33333333333,0.333333333333,0.333333333333,0.333333333333,1.66666666667,140404,H,3.3,3.5,2.1
0,0.666666666667,0.333333333333,1,1,0,0,3.66666666667,140405,H,7.5,5,1.36
0.333333333333,0.333333333333,0.333333333333,1.33333333333,0.333333333333,0.333333333333,0.333333333333,2,140405,H,1.44,4.5,6.5
0.666666666667,0.333333333333,0,1.33333333333,0.666666666667,0.333333333333,0,2,140405,H,2.5,3.3,2.8
0.333333333333,0.666666666667,0,1.33333333333,0.333333333333,0.333333333333,0.333333333333,1,140405,A,3.3,3.4,2.15
0.333333333333,0.333333333333,0.333333333333,1.66666666667,0.333333333333,0,0.666666666667,1.66666666667,140405,H,1.8,3.75,4.2
0.333333333333,0.333333333333,0.333333333333,1,0.333333333333,0.333333333333,0.333333333333,1,140405,D,3.6,3.6,1.95
0.333333333333,0,0.666666666667,1.66666666667,0.333333333333,0.333333333333,0.333333333333,1.66666666667,140406,H,2.5,3.3,2.75
0,0.666666666667,0.333333333333,0.333333333333,0.333333333333,0.333333333333,0.333333333333,2,140406,D,2.38,3.6,2.7
1,0,0,3,0.333333333333,0.333333333333,0.333333333333,2.33333333333,140411,H,1.67,3.75,5
0.666666666667,0,0.333333333333,3.33333333333,1,0,0,2.33333333333,140412,A,1.5,4.33,6
0.666666666667,0.333333333333,0,2,0,0.333333333333,0.666666666667,1.33333333333,140412,H,2.1,3.4,3.4
0,0.666666666667,0.333333333333,0.666666666667,0,1,0,0.333333333333,140412,H,2.4,3.4,2.8
0.333333333333,0.333333333333,0.333333333333,1.33333333333,0.666666666667,0.333333333333,0,1.66666666667,140412,H,1.8,3.6,4.33
0.666666666667,0.333333333333,0,2.33333333333,0,0.666666666667,0.333333333333,0.666666666667,140412,D,1.95,3.5,3.8
0.333333333333,0.333333333333,0.333333333333,1.33333333333,0,1,0,1,140412,H,1.57,4.2,5.25
0.666666666667,0.333333333333,0,3.66666666667,0.333333333333,0.333333333333,0.333333333333,1,140413,H,2.4,3.5,2.8
0,0.666666666667,0.333333333333,1,0,0.666666666667,0.333333333333,0.333333333333,140413,H,1.67,3.8,5
0.666666666667,0.333333333333,0,1.33333333333,0.333333333333,0.666666666667,0,1.33333333333,140417,A,2,3.5,3.6
0.333333333333,0.666666666667,0,1,0,1,0,0.333333333333,140419,D,1.91,3.5,4
0.666666666667,0,0.333333333333,2.33333333333,0.666666666667,0.333333333333,0,1.66666666667,140419,A,6.5,5,1.4
0.333333333333,0.333333333333,0.333333333333,1,0.333333333333,0.666666666667,0,1.66666666667,140419,H,1.36,5,7.5
1,0,0,2.66666666667,0.666666666667,0.333333333333,0,1.33333333333,140419,H,3.2,3.4,2.2
0.666666666667,0,0.333333333333,1.66666666667,0.333333333333,0.333333333333,0.333333333333,1.66666666667,140419,A,2.9,3.5,2.3
0,0.333333333333,0.666666666667,1,0.333333333333,0,0.666666666667,2.33333333333,140419,H,2.8,3.6,2.3
0.333333333333,0.666666666667,0,1.33333333333,0.333333333333,0.666666666667,0,1.66666666667,140420,A,3.75,3.6,1.91
0.666666666667,0.333333333333,0,1.66666666667,0.333333333333,0,0.666666666667,1,140420,H,2.63,3.5,2.5
0.333333333333,0.666666666667,0,1,0,0.333333333333,0.666666666667,0.666666666667,140425,D,2.7,3.4,2.5
0.333333333333,0.333333333333,0.333333333333,1.66666666667,0.333333333333,0.666666666667,0,1,140426,H,1.2,7,11
0,0.666666666667,0.333333333333,0.666666666667,0,0.666666666667,0.333333333333,0.666666666667,140426,H,2,3.5,3.6
0.666666666667,0.333333333333,0,2.33333333333,0.333333333333,0.666666666667,0,2,140426,D,1.91,3.75,3.6
0.333333333333,0.333333333333,0.333333333333,1.66666666667,1,0,0,3,140426,D,3,3.5,2.25
0.666666666667,0.333333333333,0,2,0,1,0,1.33333333333,140426,H,1.62,4,5.25
0.666666666667,0,0.333333333333,2.33333333333,0.333333333333,0.333333333333,0.333333333333,1.66666666667,140426,D,1.44,4.75,6
0.333333333333,0.333333333333,0.333333333333,0.666666666667,0,1,0,0.666666666667,140427,H,1.85,3.6,4
1,0,0,2.33333333333,0.333333333333,0.666666666667,0,1.33333333333,140427,A,2,3.6,3.5
0.666666666667,0.333333333333,0,2,0,0.666666666667,0.333333333333,0.333333333333,140503,A,2.75,3.5,2.4
0.666666666667,0,0.333333333333,2,0,0.333333333333,0.666666666667,1.66666666667,140503,H,1.36,5.5,7
0.666666666667,0.333333333333,0,1.66666666667,0.666666666667,0.333333333333,0,2.66666666667,140503,A,4.2,4,1.75
1,0,0,3,0,0.333333333333,0.666666666667,0.666666666667,140503,A,3.6,3.6,1.95
0.333333333333,0.333333333333,0.333333333333,1.33333333333,0.666666666667,0.333333333333,0,1.66666666667,140503,A,7,5.25,1.36
0.666666666667,0,0.333333333333,2.33333333333,0,1,0,1,140503,H,1.85,3.8,3.8
0.333333333333,0.666666666667,0,1,0.333333333333,0.666666666667,0,1.33333333333,140503,A,2.1,3.6,3.25
0.666666666667,0.333333333333,0,2.33333333333,0.666666666667,0.333333333333,0,2.33333333333,140503,A,2.7,3.6,2.4
0.333333333333,0.333333333333,0.333333333333,1.66666666667,0,0.666666666667,0.333333333333,0.333333333333,140503,H,2.63,3.5,2.5
0.666666666667,0,0.333333333333,1.33333333333,0,0.666666666667,0.333333333333,0.333333333333,140510,H,1.53,4.33,5.5
0.333333333333,0.333333333333,0.333333333333,2.66666666667,0,0.333333333333,0.666666666667,0.333333333333,140510,H,1.2,7,11
0.333333333333,0.333333333333,0.333333333333,1,0,0.333333333333,0.666666666667,1,140510,H,2,3.6,3.5
0.333333333333,0.333333333333,0.333333333333,1.33333333333,0.666666666667,0,0.333333333333,2.66666666667,140510,A,5.25,4.5,1.53
0.666666666667,0,0.333333333333,1.66666666667,0,0.666666666667,0.333333333333,0.333333333333,140510,H,1.67,4.5,4.2
0.333333333333,0,0.666666666667,1.66666666667,0.333333333333,0.666666666667,0,1.33333333333,140510,H,1.25,6.5,9
1,0,0,2.66666666667,0,1,0,1,140510,H,1.83,4,3.75
0.666666666667,0.333333333333,0,1.33333333333,0,1,0,1,140510,H,1.29,5.5,9.5
0.666666666667,0,0.333333333333,2.66666666667,0.666666666667,0.333333333333,0,1.66666666667,140510,H,1.83,4,3.75
0,0.333333333333,0.666666666667,0.666666666667,0,0.666666666667,0.333333333333,0.666666666667,141024,A,2.55,3.4,2.63
0.666666666667,0.333333333333,0,2.33333333333,0,0.333333333333,0.666666666667,1.66666666667,141025,H,1.83,3.6,4.2
0.333333333333,0.333333333333,0.333333333333,1.66666666667,0,1,0,0,141025,A,1.22,6.5,11
0.333333333333,0.333333333333,0.333333333333,1.66666666667,0,0.666666666667,0.333333333333,1.33333333333,141025,A,2.25,3.4,3
0.666666666667,0.333333333333,0,1.66666666667,0.333333333333,0.666666666667,0,0.333333333333,141025,H,2.2,3.4,3.2
0.333333333333,0,0.666666666667,2,0.333333333333,0.333333333333,0.333333333333,1.66666666667,141025,H,1.62,4.33,4.75
0.333333333333,0,0.666666666667,2,0.333333333333,0.666666666667,0,1.66666666667,141025,H,1.67,4.1,4.5
0.666666666667,0,0.333333333333,2,0.333333333333,0,0.666666666667,1,141026,D,8,4.75,1.36
1,0,0,2.33333333333,0.333333333333,0,0.666666666667,2,141026,H,1.67,3.8,5
0.666666666667,0,0.333333333333,2,0,1,0,0.333333333333,141031,H,1.91,3.6,3.8
1,0,0,4.66666666667,0,1,0,0.666666666667,141101,H,1.44,4.5,6.5
0,0.333333333333,0.666666666667,0.666666666667,0,0.333333333333,0.666666666667,1.33333333333,141101,H,3.4,3.5,2.05
0.666666666667,0.333333333333,0,1,0.333333333333,0.333333333333,0.333333333333,1.66666666667,141101,H,2.25,3.4,3.1
0.666666666667,0,0.333333333333,1.33333333333,0,1,0,1,141101,A,1.73,4,4.33
0.333333333333,0.333333333333,0.333333333333,1.33333333333,0.333333333333,0.333333333333,0.333333333333,1,141101,A,3.3,3.5,2.1
0.333333333333,0.333333333333,0.333333333333,0.666666666667,0,0.333333333333,0.666666666667,1.33333333333,141102,A,1.91,3.6,3.8
0.333333333333,0,0.666666666667,0.666666666667,0.333333333333,0,0.666666666667,1,141102,H,1.95,3.5,3.75
0.666666666667,0.333333333333,0,2,0,0.666666666667,0.333333333333,0.666666666667,141102,H,2.5,3.5,2.63
1,0,0,2.33333333333,0.333333333333,0.666666666667,0,0.333333333333,141107,A,2.05,3.4,3.5
1,0,0,2.33333333333,0,0.666666666667,0.333333333333,0.666666666667,141108,H,1.73,3.8,4.5
0.333333333333,0.333333333333,0.333333333333,3,0.333333333333,0,0.666666666667,0.666666666667,141108,A,13,7,1.18
0,0.333333333333,0.666666666667,1,0.333333333333,0.666666666667,0,1.33333333333,141108,H,2.63,3.5,2.5
0.666666666667,0,0.333333333333,2,0.333333333333,0.666666666667,0,1,141108,A,1.8,3.8,4
0.666666666667,0,0.333333333333,1.33333333333,0,0.333333333333,0.666666666667,1,141108,D,1.5,4.33,6
0,0.666666666667,0.333333333333,0.333333333333,0.333333333333,0.333333333333,0.333333333333,3,141108,H,2.63,3.3,2.63
0,0.666666666667,0.333333333333,0.666666666667,0.666666666667,0,0.333333333333,1.66666666667,141109,H,1.57,4.33,5
1,0,0,2,0.333333333333,0.666666666667,0,0.333333333333,141109,H,1.57,4.2,5.25
1,0,0,4,0,0.333333333333,0.666666666667,0.666666666667,141122,H,1.14,8,15
0.333333333333,0.666666666667,0,0.666666666667,0,1,0,0.333333333333,141122,A,2.1,3.3,3.5
0.666666666667,0.333333333333,0,0.666666666667,0,0.333333333333,0.666666666667,1,141122,A,3.8,3.6,1.91
0.333333333333,0.333333333333,0.333333333333,1,0.333333333333,0.333333333333,0.333333333333,0.666666666667,141122,D,2.15,3.3,3.4
0.333333333333,0,0.666666666667,1.33333333333,0.333333333333,0.666666666667,0,1,141122,A,1.36,5,7.5
0.666666666667,0.333333333333,0,2.33333333333,0,1,0,1,141122,D,7,4.75,1.4
1,0,0,1.66666666667,0.666666666667,0.333333333333,0,2,141122,H,3,3.4,2.3
0.333333333333,0.333333333333,0.333333333333,1,0.333333333333,0.666666666667,0,1,141123,H,1.91,3.6,3.75
0.333333333333,0.333333333333,0.333333333333,1.33333333333,0,1,0,0.333333333333,141123,A,2.38,3.5,2.8
0.333333333333,0.333333333333,0.333333333333,1,0.333333333333,0.666666666667,0,2.33333333333,141128,A,2.25,3.4,3.1
1,0,0,2,0.333333333333,0.666666666667,0,0.333333333333,141129,H,2,3.5,3.75
0.666666666667,0.333333333333,0,2,0.666666666667,0,0.333333333333,2,141129,A,15,7.5,1.18
0.666666666667,0.333333333333,0,2,0.666666666667,0.333333333333,0,1,141129,H,1.7,4,4.75
0.333333333333,0,0.666666666667,1,0.666666666667,0.333333333333,0,2.33333333333,141129,H,1.5,4.33,6.5
1,0,0,2,0,0.333333333333,0.666666666667,0.333333333333,141129,H,1.95,3.7,3.75
0.333333333333,0.333333333333,0.333333333333,1,0,0.666666666667,0.333333333333,0.666666666667,141129,H,2.2,3.5,3.25
0.333333333333,0.666666666667,0,2.33333333333,0,0.666666666667,0.333333333333,1.33333333333,141130,H,5,4.33,1.62
1,0,0,2,0.666666666667,0.333333333333,0,1.66666666667,141130,H,1.91,3.75,3.8
0.333333333333,0.666666666667,0,0.333333333333,0,0.666666666667,0.333333333333,0.666666666667,141205,H,1.5,4.6,6
1,0,0,4,0.333333333333,0.333333333333,0.333333333333,2,141206,H,1.25,6,12
0.333333333333,0.666666666667,0,1,0.333333333333,0.666666666667,0,0.666666666667,141206,A,2.88,3.2,2.55
0.333333333333,0.666666666667,0,0.666666666667,0.666666666667,0.333333333333,0,2.66666666667,141206,A,3.8,3.6,1.95
0.333333333333,0.333333333333,0.333333333333,1.33333333333,0.333333333333,0.666666666667,0,1,141206,H,1.67,3.8,5.25
0.666666666667,0,0.333333333333,2.66666666667,0.333333333333,0.333333333333,0.333333333333,1,141206,D,2.38,3.3,3.1
0,0.666666666667,0.333333333333,1,0,1,0,0.333333333333,141206,A,2.25,3.4,3.25
0.333333333333,0.666666666667,0,2,0.333333333333,0.666666666667,0,0.666666666667,141207,H,2.05,3.6,3.5
0.666666666667,0,0.333333333333,1.33333333333,0,0.666666666667,0.333333333333,0.333333333333,141207,H,2.1,3.4,3.6
0.666666666667,0.333333333333,0,2.66666666667,0.333333333333,0.666666666667,0,1.33333333333,141212,H,1.85,3.9,4
1,0,0,2.66666666667,0.666666666667,0,0.333333333333,1.66666666667,141213,A,9.5,5.75,1.3
0.333333333333,0.666666666667,0,1.33333333333,0,1,0,0.333333333333,141213,D,2.4,3.3,3
0.333333333333,0.666666666667,0,1,0,0.666666666667,0.333333333333,1,141213,H,5.5,4,1.62
0.333333333333,0.333333333333,0.333333333333,1.66666666667,0.666666666667,0.333333333333,0,3,141213,D,2.38,3.4,3
1,0,0,2.66666666667,0.666666666667,0.333333333333,0,2,141213,A,1.8,3.7,4.5
0.666666666667,0.333333333333,0,2,0.666666666667,0.333333333333,0,2,141213,D,2.45,3.4,2.88
0.666666666667,0,0.333333333333,2,0.333333333333,0.666666666667,0,1,141214,D,1.67,4,5
1,0,0,2,0,1,0,0,141214,D,1.36,5.25,8
1,0,0,2.33333333333,0.333333333333,0,0.666666666667,1.33333333333,141216,H,1.08,11,29
0,1,0,0.666666666667,0,0.666666666667,0.333333333333,0.666666666667,141216,D,2.25,3.4,3.2
1,0,0,1.66666666667,0.333333333333,0.333333333333,0.333333333333,1.66666666667,141216,A,2.1,3.4,3.6
0.333333333333,0.666666666667,0,1,0.666666666667,0.333333333333,0,1,141216,H,2.3,3.3,3.1
0.666666666667,0.333333333333,0,0.666666666667,0.666666666667,0.333333333333,0,3,141217,D,1.85,3.75,4.2
0.666666666667,0.333333333333,0,2.33333333333,0.333333333333,0.666666666667,0,1.66666666667,141217,D,2.05,3.5,3.6
0.666666666667,0.333333333333,0,3.33333333333,0.333333333333,0.666666666667,0,1,141217,A,3.25,3.75,2.1
0.666666666667,0.333333333333,0,2.33333333333,0.333333333333,0.666666666667,0,1.33333333333,141217,H,1.44,4.75,7
0.333333333333,0,0.666666666667,2,0.333333333333,0.666666666667,0,1.33333333333,141217,A,2.75,3.5,2.5
0,0.333333333333,0.666666666667,1.33333333333,1,0,0,3,141219,A,15,7,1.2
0.666666666667,0.333333333333,0,2,0,0.666666666667,0.333333333333,0.333333333333,141220,H,2.5,3.4,2.8
0.333333333333,0,0.666666666667,2,0.333333333333,0.666666666667,0,1.66666666667,141220,D,1.44,4.75,7
0.666666666667,0.333333333333,0,2.66666666667,0,0.666666666667,0.333333333333,0.333333333333,141220,D,1.8,3.6,4.5
0,1,0,0,0,0.666666666667,0.333333333333,0.333333333333,141220,D,1.85,3.8,4
0.666666666667,0,0.333333333333,3,0,0.666666666667,0.333333333333,0.666666666667,141220,H,6.5,4.33,1.5
0.666666666667,0,0.333333333333,1.33333333333,0.666666666667,0.333333333333,0,2.33333333333,141220,H,1.5,4.2,7
0.333333333333,0.333333333333,0.333333333333,1,0.333333333333,0.333333333333,0.333333333333,2.66666666667,141221,D,2.45,3.4,2.88
0.333333333333,0.666666666667,0,0.333333333333,0,1,0,0.333333333333,141221,A,2.5,3.4,2.8
0.666666666667,0,0.333333333333,1.33333333333,1,0,0,2.33333333333,150130,H,6.5,4.33,1.5
0,0.333333333333,0.666666666667,1,0.333333333333,0.333333333333,0.333333333333,2,150131,H,2.63,3.5,2.63
0.666666666667,0.333333333333,0,1.33333333333,0.333333333333,0.666666666667,0,1.33333333333,150131,A,2.2,3.3,3.4
0.333333333333,0,0.666666666667,2.33333333333,0,1,0,0.333333333333,150131,D,2.5,3.4,2.8
0,0.333333333333,0.666666666667,1.33333333333,0,0.333333333333,0.666666666667,0.333333333333,150131,H,2.05,3.5,3.6
0.333333333333,0.333333333333,0.333333333333,1.66666666667,0,0.333333333333,0.666666666667,2.66666666667,150131,H,1.95,3.5,4
0,0.666666666667,0.333333333333,0,0,0.666666666667,0.333333333333,0.666666666667,150131,A,3,3.4,2.38
0.666666666667,0.333333333333,0,1.66666666667,0.333333333333,0.666666666667,0,1.66666666667,150201,H,2.4,3.4,2.9
0.666666666667,0,0.333333333333,3,0.333333333333,0.333333333333,0.333333333333,2.66666666667,150201,H,2.38,3.4,3
1,0,0,2.33333333333,0.666666666667,0.333333333333,0,2,150203,D,1.13,9,19
0.666666666667,0,0.333333333333,3.66666666667,0.333333333333,0.333333333333,0.333333333333,2.33333333333,150203,D,3.8,4,1.85
0.333333333333,0.666666666667,0,1.33333333333,0,0.666666666667,0.333333333333,0.666666666667,150203,D,2.25,3.4,3.25
0.666666666667,0.333333333333,0,2.66666666667,0,0.333333333333,0.666666666667,1,150203,H,1.53,4.33,6
0.666666666667,0,0.333333333333,1.33333333333,0.666666666667,0.333333333333,0,1,150204,A,1.44,4.5,7.5
0,0.666666666667,0.333333333333,0.666666666667,0.666666666667,0,0.333333333333,2,150204,D,2.25,3.4,3.2
0.333333333333,0.666666666667,0,0.333333333333,0.666666666667,0.333333333333,0,1.33333333333,150204,A,5.5,3.75,1.67
0.666666666667,0.333333333333,0,2.33333333333,0,1,0,1,150204,A,1.67,4.2,4.75
0,0.333333333333,0.666666666667,1.33333333333,0,0.333333333333,0.666666666667,0.333333333333,150204,A,2.5,3.3,2.88
0.333333333333,0.333333333333,0.333333333333,0.666666666667,0.333333333333,0.333333333333,0.333333333333,1,150206,H,2.6,3.3,2.75
0,0.333333333333,0.666666666667,0.333333333333,0,0.333333333333,0.666666666667,0.333333333333,150207,D,1.95,3.5,4
0.333333333333,0,0.666666666667,2,0,0.666666666667,0.333333333333,0.333333333333,150207,A,5.5,4,1.62
0.333333333333,0.666666666667,0,0.666666666667,0,0.333333333333,0.666666666667,1.66666666667,150207,H,2.3,3.3,3.2
0.333333333333,0.333333333333,0.333333333333,2.33333333333,0,0.666666666667,0.333333333333,2,150207,A,1.91,3.6,4
0,0.666666666667,0.333333333333,0,0.666666666667,0.333333333333,0,2.33333333333,150207,A,13,7,1.2
0.666666666667,0,0.333333333333,2.33333333333,0.333333333333,0.666666666667,0,2,150207,H,1.57,4.33,5.5
0.666666666667,0.333333333333,0,1.66666666667,0,0.666666666667,0.333333333333,1.33333333333,150208,D,1.91,3.8,3.8
0.666666666667,0,0.333333333333,2.33333333333,0.666666666667,0.333333333333,0,0.666666666667,150208,H,4.2,3.75,1.85
0.333333333333,0.333333333333,0.333333333333,1,0,0.333333333333,0.666666666667,0.666666666667,150213,H,1.33,5.25,9.5
0.666666666667,0,0.333333333333,1.33333333333,0.333333333333,0,0.666666666667,1,150214,H,1.09,11,26
0.333333333333,0,0.666666666667,3.33333333333,0.666666666667,0,0.333333333333,2.33333333333,150214,H,2.3,3.6,3
0.333333333333,0.666666666667,0,1.33333333333,0.333333333333,0,0.666666666667,0.666666666667,150214,H,1.95,3.7,3.8
0,0,1,0.666666666667,0.333333333333,0,0.666666666667,2,150214,A,2.3,3.5,3
1,0,0,2.66666666667,0.666666666667,0.333333333333,0,1.66666666667,150214,H,1.73,3.6,5.25
1,0,0,2,0.666666666667,0.333333333333,0,1,150214,H,2.6,3.4,2.7
0.333333333333,0.333333333333,0.333333333333,1.33333333333,0,0.333333333333,0.666666666667,0,150215,A,1.85,3.6,4.33
0.333333333333,0.666666666667,0,0.333333333333,0,0.666666666667,0.333333333333,0.333333333333,150215,A,2.15,3.4,3.5
0,0.666666666667,0.333333333333,0,0.333333333333,0.333333333333,0.333333333333,1.33333333333,150220,A,6,4,1.57
0.666666666667,0,0.333333333333,2.33333333333,0.666666666667,0.333333333333,0,1,150221,D,3.1,3.4,2.3
0,0,1,0,0,0.666666666667,0.333333333333,1,150221,D,2.3,3.2,3.3
0.333333333333,0.333333333333,0.333333333333,2,0.333333333333,0.666666666667,0,2,150221,D,3.1,3.5,2.25
0.333333333333,0.666666666667,0,2,0,0.333333333333,0.666666666667,1.33333333333,150221,H,2.4,3.5,2.9
0,0.666666666667,0.333333333333,0.666666666667,0.666666666667,0.333333333333,0,1.66666666667,150221,A,17,7.5,1.17
0.666666666667,0,0.333333333333,0.666666666667,0.333333333333,0.666666666667,0,1.66666666667,150221,D,2.05,3.5,3.6
0.333333333333,0.666666666667,0,0.666666666667,0.333333333333,0.666666666667,0,0.666666666667,150222,D,3.1,3.4,2.3
1,0,0,3,0.333333333333,0.333333333333,0.333333333333,2,150222,H,1.33,5.25,9
0.666666666667,0,0.333333333333,3.66666666667,0.333333333333,0.666666666667,0,1,150227,H,1.1,10,26
0.333333333333,0.333333333333,0.333333333333,2,0.333333333333,0.333333333333,0.333333333333,1,150228,H,1.5,4.33,6.5
0.333333333333,0,0.666666666667,2,0.333333333333,0.333333333333,0.333333333333,1,150228,H,2,3.6,3.6
0.333333333333,0.333333333333,0.333333333333,1.33333333333,0.333333333333,0.333333333333,0.333333333333,0.666666666667,150228,D,2.1,3.5,3.4
0,1,0,0,0.333333333333,0.666666666667,0,1,150228,H,2.8,3.4,2.5
0.333333333333,0.666666666667,0,1,0,0.333333333333,0.666666666667,1,150228,H,2,3.6,3.6
0,0.333333333333,0.666666666667,1.66666666667,0.333333333333,0.666666666667,0,0.666666666667,150228,H,1.36,4.75,9
1,0,0,2,0.333333333333,0.333333333333,0.333333333333,0.666666666667,150301,H,1.57,4.2,5.75
1,0,0,2.33333333333,0.333333333333,0,0.666666666667,2.66666666667,150301,A,3.6,3.75,1.91
0,1,0,0.666666666667,0.333333333333,0.666666666667,0,1,150306,D,2.1,3.3,3.6
0.333333333333,0,0.666666666667,2.33333333333,0.666666666667,0,0.333333333333,3.66666666667,150307,H,3.5,3.5,2.1
0.333333333333,0.333333333333,0.333333333333,1.66666666667,0.333333333333,0.333333333333,0.333333333333,1.33333333333,150307,A,2.6,3.4,2.7
0.333333333333,0.333333333333,0.333333333333,1,0.666666666667,0,0.333333333333,2,150307,D,6,4.33,1.53
0,0.333333333333,0.666666666667,1,0.666666666667,0.333333333333,0,3,150307,A,13,6.5,1.22
0.666666666667,0.333333333333,0,2.66666666667,0.333333333333,0.333333333333,0.333333333333,0.666666666667,150307,D,2.6,3.3,2.75
0.666666666667,0,0.333333333333,1,0,0.666666666667,0.333333333333,0.666666666667,150307,H,2.25,3.4,3.2
0,0,1,0.333333333333,0,0.666666666667,0.333333333333,1.33333333333,150308,H,2.4,3.3,3
0,1,0,0.333333333333,0.333333333333,0.333333333333,0.333333333333,1.33333333333,150308,A,5,3.8,1.7
0.333333333333,0.333333333333,0.333333333333,1.66666666667,0,0.333333333333,0.666666666667,0.666666666667,150313,H,1.44,4.33,7.5
0.333333333333,0,0.666666666667,1.66666666667,0,0.666666666667,0.333333333333,1,150314,A,1.95,3.5,4
0.666666666667,0.333333333333,0,2.33333333333,0.333333333333,0.666666666667,0,1,150314,D,1.33,5,10
0.666666666667,0,0.333333333333,1.33333333333,0.333333333333,0.333333333333,0.333333333333,0.666666666667,150314,H,1.73,3.8,4.75
0.333333333333,0.666666666667,0,0.333333333333,0,0.666666666667,0.333333333333,0.333333333333,150314,D,2.75,3.25,2.63
0.666666666667,0.333333333333,0,1.66666666667,0.333333333333,0.666666666667,0,1.33333333333,150314,H,1.75,3.75,4.75
0.666666666667,0.333333333333,0,2.66666666667,1,0,0,3.66666666667,150314,A,10,5.75,1.29
1,0,0,1.33333333333,0,0.666666666667,0.333333333333,0.666666666667,150315,H,1.75,3.75,4.75
1,0,0,3,0.333333333333,0.666666666667,0,0.666666666667,150315,H,1.33,5.25,9
0.333333333333,0,0.666666666667,1,0.333333333333,0.333333333333,0.333333333333,1,150320,A,2.38,3.25,3.1
0.333333333333,0,0.666666666667,1.66666666667,0.666666666667,0,0.333333333333,1.33333333333,150321,D,2.2,3.4,3.3
0,0.666666666667,0.333333333333,0.333333333333,0.333333333333,0.666666666667,0,1,150321,H,3,3.4,2.38
0,0.666666666667,0.333333333333,1,0.666666666667,0,0.333333333333,2,150321,A,5,4.2,1.62
0,1,0,0,0,0.666666666667,0.333333333333,0.666666666667,150321,D,3.75,3.5,2
0.666666666667,0,0.333333333333,1.66666666667,0.333333333333,0.333333333333,0.333333333333,2,150321,A,3,3.5,2.3
0,0.666666666667,0.333333333333,0.666666666667,0,0.666666666667,0.333333333333,1.66666666667,150321,H,2.5,3.4,2.8
0.666666666667,0,0.333333333333,4.33333333333,0,0.333333333333,0.666666666667,1,150322,A,1.17,7.5,17
0.333333333333,0.333333333333,0.333333333333,1.66666666667,0.666666666667,0.333333333333,0,3.33333333333,150322,D,3.25,3.6,2.15
0.666666666667,0,0.333333333333,2.33333333333,1,0,0,4.33333333333,150404,A,3.3,3.5,2.15
1,0,0,2.33333333333,0,0.666666666667,0.333333333333,0.666666666667,150404,D,2,3.75,3.5
0.333333333333,0.333333333333,0.333333333333,1,0,0.666666666667,0.333333333333,0.333333333333,150404,H,2.6,3.2,2.8
1,0,0,2.33333333333,0.333333333333,0,0.666666666667,1.66666666667,150404,A,2.7,3.5,2.6
0.666666666667,0.333333333333,0,3,0,1,0,0.333333333333,150404,H,1.36,5,8.5
0.333333333333,0.666666666667,0,2,0.333333333333,0.666666666667,0,1.33333333333,150404,D,2.5,3.4,2.8
1,0,0,2.66666666667,0,0.666666666667,0.333333333333,0.666666666667,150404,H,1.44,4.75,7
0.333333333333,0.333333333333,0.333333333333,1,0,0.666666666667,0.333333333333,0.666666666667,150405,D,2.4,3.3,3
0.333333333333,0.333333333333,0.333333333333,1,0.333333333333,0.666666666667,0,0.666666666667,150405,H,1.95,3.5,4
0,0.666666666667,0.333333333333,1.33333333333,0.333333333333,0.333333333333,0.333333333333,0.666666666667,150410,D,1.95,3.3,4.2
0.666666666667,0.333333333333,0,4,0,1,0,1.33333333333,150411,H,1.17,7.5,17
0,0.333333333333,0.666666666667,0.333333333333,0.333333333333,0.333333333333,0.333333333333,2,150411,A,4.33,3.75,1.8
0.333333333333,0,0.666666666667,2,0.666666666667,0,0.333333333333,2,150411,A,3.3,3.4,2.2
1,0,0,1.66666666667,0.666666666667,0,0.333333333333,2,150411,H,2.8,3.4,2.5
0,0.666666666667,0.333333333333,0,0,1,0,0.666666666667,150411,H,3.1,3.4,2.3
0.333333333333,0.333333333333,0.333333333333,1.33333333333,0.333333333333,0.666666666667,0,0.666666666667,150411,D,1.67,3.75,5.5
0.333333333333,0,0.666666666667,2,0,0.333333333333,0.666666666667,0.666666666667,150412,H,2.4,3.3,3
0.333333333333,0.333333333333,0.333333333333,1.66666666667,0.333333333333,0,0.666666666667,1,150412,H,2.15,3.5,3.3
0.666666666667,0,0.333333333333,2.66666666667,0.666666666667,0,0.333333333333,2.66666666667,150417,D,4.2,3.75,1.85
0.333333333333,0.333333333333,0.333333333333,0.333333333333,0,0.666666666667,0.333333333333,0.666666666667,150418,H,2.2,3.4,3.3
0.333333333333,0.333333333333,0.333333333333,1,0,1,0,0,150418,H,1.22,6.5,13
0.666666666667,0.333333333333,0,1,0.333333333333,0.333333333333,0.333333333333,0.666666666667,150418,A,2.8,3.3,2.6
0.666666666667,0,0.333333333333,1.66666666667,0,0.666666666667,0.333333333333,0.333333333333,150418,D,2.5,3.1,3.1
0.666666666667,0.333333333333,0,2,1,0,0,2.66666666667,150418,A,5.5,4.2,1.6
1,0,0,3,0,0.333333333333,0.666666666667,1,150418,H,1.36,5.25,8
0,0.666666666667,0.333333333333,1,0,1,0,0.333333333333,150419,H,2,3.5,3.8
1,0,0,2.66666666667,0,0.333333333333,0.666666666667,0.666666666667,150419,D,1.7,3.8,5
0,0.333333333333,0.666666666667,1.66666666667,0,0,1,1,150424,H,2.45,3.3,2.9
0.666666666667,0.333333333333,0,2.33333333333,0.333333333333,0,0.666666666667,0.666666666667,150425,H,1.17,7.5,17
0.333333333333,0.333333333333,0.333333333333,1,0,1,0,1,150425,H,1.33,5.25,9
0.666666666667,0,0.333333333333,2.66666666667,1,0,0,2.33333333333,150425,D,4.75,3.8,1.75
0,0.666666666667,0.333333333333,0,0,1,0,0.333333333333,150425,H,2.7,3.4,2.6
0,0.666666666667,0.333333333333,1.33333333333,0,0.666666666667,0.333333333333,1,150425,A,2.4,3.5,2.88
0.666666666667,0,0.333333333333,2,0,0.666666666667,0.333333333333,0,150425,D,1.91,3.6,4
1,0,0,2.33333333333,0.333333333333,0.333333333333,0.333333333333,1,150426,H,2.4,3.5,2.88
0.333333333333,0.333333333333,0.333333333333,0.666666666667,0.333333333333,0.333333333333,0.333333333333,1.33333333333,150426,D,2.7,3.4,2.6
0.333333333333,0.333333333333,0.333333333333,0.666666666667,0,0.333333333333,0.666666666667,0,150502,D,2.1,3.4,3.6
0.666666666667,0.333333333333,0,1.66666666667,0,1,0,0,150502,A,1.91,3.6,4
0.333333333333,0.666666666667,0,1.33333333333,0.333333333333,0.333333333333,0.333333333333,1.33333333333,150502,D,4,4,1.83
1,0,0,4,1,0,0,2.33333333333,150502,H,2.38,3.3,3.1
0.333333333333,0.333333333333,0.333333333333,1,0,1,0,0.666666666667,150502,H,1.91,3.6,4
0.333333333333,0.333333333333,0.333333333333,0.333333333333,0,1,0,0.333333333333,150502,H,2.05,3.75,3.4
0.666666666667,0,0.333333333333,2.33333333333,0,0.666666666667,0.333333333333,0.666666666667,150502,D,1.4,4.75,8
0.333333333333,0,0.666666666667,1.33333333333,0.666666666667,0,0.333333333333,2,150503,A,5,3.6,1.75
0.333333333333,0.333333333333,0.333333333333,1.66666666667,0,1,0,0,150503,A,1.73,3.8,4.75
0.333333333333,0.666666666667,0,1,0,0.333333333333,0.666666666667,0.666666666667,150508,D,2.2,3.4,3.3
0.666666666667,0.333333333333,0,1.33333333333,0,1,0,1,150509,A,1.53,4.33,6
0.666666666667,0.333333333333,0,1.66666666667,0.333333333333,0.333333333333,0.333333333333,0.666666666667,150509,H,1.29,5.5,11
0.333333333333,0,0.666666666667,2,0.333333333333,0.333333333333,0.333333333333,1.33333333333,150509,H,2.8,3.6,2.4
0,0.666666666667,0.333333333333,1.33333333333,0,0.333333333333,0.666666666667,1.66666666667,150509,D,2,3.6,3.6
1,0,0,2,0.666666666667,0,0.333333333333,1.66666666667,150509,H,2.5,3.4,2.8
0.666666666667,0,0.333333333333,2.66666666667,0.666666666667,0,0.333333333333,1.66666666667,150509,H,2,3.5,3.8
0.333333333333,0,0.666666666667,1.66666666667,0,0.333333333333,0.666666666667,0.333333333333,150510,H,2.75,3.3,2.6
0.333333333333,0,0.666666666667,1.33333333333,0.333333333333,0.333333333333,0.333333333333,1,150510,A,4.75,4.2,1.67
0.333333333333,0,0.666666666667,0.666666666667,0,0.333333333333,0.666666666667,1.33333333333,150516,A,2.3,3.4,3.1
0.333333333333,0.666666666667,0,1.33333333333,0.666666666667,0.333333333333,0,1,150516,H,7,4.2,1.5
0.333333333333,0.333333333333,0.333333333333,1,0,1,0,0,150516,D,2,3.5,3.75
1,0,0,3.33333333333,0.333333333333,0.666666666667,0,1.66666666667,150516,H,1.4,5,7.5
0.333333333333,0.666666666667,0,1.66666666667,0,0.333333333333,0.666666666667,0,150516,H,2.1,3.4,3.6
0.333333333333,0.333333333333,0.333333333333,1,0.333333333333,0.666666666667,0,0.666666666667,150516,H,1.62,4.2,5.25
0.666666666667,0,0.333333333333,2.33333333333,0.333333333333,0.666666666667,0,0.666666666667,150516,H,1.75,3.8,4.75
0.666666666667,0,0.333333333333,0.666666666667,0.666666666667,0,0.333333333333,2,150516,A,4.33,4,1.75
0.333333333333,0,0.666666666667,2,0.333333333333,0.333333333333,0.333333333333,1.66666666667,150516,H,2.63,3.5,2.6
0.666666666667,0.333333333333,0,1.33333333333,0.333333333333,0.333333333333,0.333333333333,1,150523,H,1.2,7,13
1,0,0,2.33333333333,0,0.333333333333,0.666666666667,1.66666666667,150523,H,1.29,5.75,10
0.333333333333,0,0.666666666667,1.66666666667,0.333333333333,0.333333333333,0.333333333333,1.33333333333,150523,H,4.5,4.33,1.67
0.666666666667,0,0.333333333333,2,0.666666666667,0.333333333333,0,1.66666666667,150523,D,3.8,3.8,1.91
0.333333333333,0.333333333333,0.333333333333,1.33333333333,0,0.666666666667,0.333333333333,0.333333333333,150523,H,2.4,3.6,2.8
0,0.333333333333,0.666666666667,1,0,0,1,1,150523,H,1.95,3.6,3.8
0,0.666666666667,0.333333333333,0.666666666667,0,0.666666666667,0.333333333333,0.333333333333,150523,H,1.91,3.75,3.9
1,0,0,2.33333333333,0.333333333333,0.666666666667,0,1.33333333333,150523,A,1.55,4.5,5.5
0.333333333333,0.333333333333,0.333333333333,1.66666666667,0,1,0,1.33333333333,150523,A,3.4,3.8,2.05
0,0.333333333333,0.666666666667,1.33333333333,0.666666666667,0.333333333333,0,1.33333333333,151023,A,2.1,3.6,3.4
1,0,0,4,0.333333333333,0.666666666667,0,1.66666666667,151024,H,1.1,9,29
0.333333333333,0.666666666667,0,1.33333333333,0,0.666666666667,0.333333333333,0.333333333333,151024,A,4.75,3.75,1.75
0.333333333333,0.666666666667,0,1.33333333333,0,0.666666666667,0.333333333333,0,151024,A,2.5,3.4,2.8
0.333333333333,0.333333333333,0.333333333333,0.666666666667,0,0.666666666667,0.333333333333,0.666666666667,151024,A,2.4,3.2,3.1
0.333333333333,0.333333333333,0.333333333333,0.666666666667,0.333333333333,0.333333333333,0.333333333333,2,151024,H,1.57,4.33,5.5
0.333333333333,0.666666666667,0,1,0.333333333333,0.666666666667,0,1.33333333333,151024,A,2.05,3.5,3.6
0.666666666667,0,0.333333333333,2.66666666667,0,0.666666666667,0.333333333333,1.33333333333,151025,H,1.2,7,13
0.666666666667,0.333333333333,0,2,0.666666666667,0.333333333333,0,0.666666666667,151025,H,2.15,3.5,3.3
0.333333333333,0.333333333333,0.333333333333,2.66666666667,1,0,0,2.33333333333,151030,D,15,8,1.17
0.333333333333,0.666666666667,0,1,0.333333333333,0.666666666667,0,1.33333333333,151031,D,2.3,3.4,3.1
0.333333333333,0.333333333333,0.333333333333,0.666666666667,0.333333333333,0.666666666667,0,2,151031,D,2.05,3.5,3.4
1,0,0,2.33333333333,0.666666666667,0.333333333333,0,2.66666666667,151031,A,3,3.3,2.4
0.666666666667,0.333333333333,0,1.33333333333,0.333333333333,0.333333333333,0.333333333333,0.666666666667,151031,D,1.8,3.5,4.75
0,1,0,0,0.333333333333,0.333333333333,0.333333333333,1.33333333333,151031,A,7.5,5,1.4
0.666666666667,0,0.333333333333,2.33333333333,0.333333333333,0.333333333333,0.333333333333,1,151031,H,2.63,3.4,2.7
0,0.333333333333,0.666666666667,0,0.333333333333,0.333333333333,0.333333333333,0.666666666667,151101,A,2,3.3,4
0.333333333333,0.666666666667,0,0.666666666667,0.666666666667,0,0.333333333333,1.66666666667,151101,H,1.67,4,5
0.333333333333,0.666666666667,0,1,0.333333333333,0.333333333333,0.333333333333,1,151106,A,2.63,3.3,2.7
1,0,0,4.66666666667,0.333333333333,0.333333333333,0.333333333333,2.66666666667,151107,H,1.1,11,21
0.333333333333,0.666666666667,0,1.33333333333,0.666666666667,0.333333333333,0,0.666666666667,151107,D,2.75,3,2.8
0,0.333333333333,0.666666666667,1,0.333333333333,0.666666666667,0,0.666666666667,151107,D,2.1,3.6,3.4
0.666666666667,0,0.333333333333,2,0.333333333333,0.666666666667,0,1,151107,A,1.5,4.33,6.5
0,1,0,0.333333333333,0.333333333333,0.666666666667,0,0.666666666667,151107,H,3.3,3.6,2.15
1,0,0,3,0,0.333333333333,0.666666666667,0.666666666667,151107,D,1.62,3.8,6
0,0.666666666667,0.333333333333,1.33333333333,0.333333333333,0.666666666667,0,1.33333333333,151108,A,2.2,3.4,3.3
0.666666666667,0,0.333333333333,3.33333333333,0.666666666667,0.333333333333,0,1,151108,H,1.3,6,8.5
0,0.666666666667,0.333333333333,0.333333333333,0.666666666667,0.333333333333,0,2,151120,H,8.5,5,1.36
0,0.333333333333,0.666666666667,0.666666666667,0.333333333333,0.333333333333,0.333333333333,1.33333333333,151121,A,3.8,3.6,1.95
0,0.333333333333,0.666666666667,0.333333333333,0.333333333333,0.333333333333,0.333333333333,2,151121,D,2.15,3.5,3.3
0.666666666667,0,0.333333333333,1.66666666667,0.666666666667,0,0.333333333333,1.33333333333,151121,H,1.5,4.2,7
0.333333333333,0.333333333333,0.333333333333,1,0.666666666667,0,0.333333333333,1.33333333333,151121,A,13,6.5,1.22
0.666666666667,0.333333333333,0,1.33333333333,0,0.666666666667,0.333333333333,1.33333333333,151121,A,1.95,3.8,3.6
0.666666666667,0,0.333333333333,2.33333333333,0.666666666667,0.333333333333,0,1.66666666667,151121,H,1.57,4,5.75
0.666666666667,0.333333333333,0,2,0.333333333333,0.333333333333,0.333333333333,1.66666666667,151122,H,2,3.5,3.8
0.333333333333,0.666666666667,0,0.666666666667,0.333333333333,0.333333333333,0.333333333333,1.33333333333,151122,H,2.05,3.25,4
0,0.666666666667,0.333333333333,1,0.666666666667,0.333333333333,0,1.66666666667,151127,D,2.9,3.1,2.6
1,0,0,4.33333333333,0.666666666667,0.333333333333,0,1.66666666667,151128,H,1.08,11,26
0.333333333333,0.666666666667,0,1,0,0.333333333333,0.666666666667,0.333333333333,151128,H,2.6,3.2,2.8
0,0.333333333333,0.666666666667,0.666666666667,1,0,0,4,151128,D,3.1,3.5,2.25
0.333333333333,0.666666666667,0,1,0.333333333333,0.333333333333,0.333333333333,0.666666666667,151128,H,2.2,3.5,3.2
0,1,0,0.333333333333,0.333333333333,0.333333333333,0.333333333333,0.666666666667,151128,A,2.25,3.4,3.2
0,0.666666666667,0.333333333333,1.33333333333,0.333333333333,0.666666666667,0,0.333333333333,151129,D,3.3,3.4,2.2
0.666666666667,0,0.333333333333,3.33333333333,0,0.666666666667,0.333333333333,1.66666666667,151129,H,1.2,7.5,12
0.333333333333,0.333333333333,0.333333333333,2,0.333333333333,0.666666666667,0,1.33333333333,151129,D,1.62,4.2,5.25
0.333333333333,0.333333333333,0.333333333333,1.33333333333,0.666666666667,0.333333333333,0,1.33333333333,151204,H,1.6,4,5.75
0,0.333333333333,0.666666666667,0,0.333333333333,0.333333333333,0.333333333333,2,151205,A,2.2,3.3,3.4
0.333333333333,0.333333333333,0.333333333333,1.33333333333,0.333333333333,0,0.666666666667,2,151205,A,2.25,3.4,3.2
0.666666666667,0.333333333333,0,1.66666666667,0.333333333333,0.333333333333,0.333333333333,1.33333333333,151205,H,3.75,3.4,2.05
0.666666666667,0.333333333333,0,1.66666666667,0,0.666666666667,0.333333333333,0.666666666667,151205,D,2.25,3.3,3.3
0.666666666667,0,0.333333333333,1.66666666667,0.666666666667,0,0.333333333333,1.33333333333,151205,H,9,5.25,1.33
1,0,0,4,0.666666666667,0.333333333333,0,2,151205,A,4,4.33,1.75
0,0.666666666667,0.333333333333,0.666666666667,0.333333333333,0.666666666667,0,1,151206,A,1.91,3.4,4.33
0.666666666667,0.333333333333,0,1,0.666666666667,0.333333333333,0,1.66666666667,151206,D,1.95,3.75,3.75
0.666666666667,0.333333333333,0,1.66666666667,0,1,0,1.33333333333,151211,D,2.05,3.6,3.5
1,0,0,3.33333333333,0,0.333333333333,0.666666666667,0.333333333333,151212,H,1.07,13,29
0,0.333333333333,0.666666666667,0.333333333333,0.666666666667,0.333333333333,0,1.33333333333,151212,A,3.1,3.1,2.5
0,0.333333333333,0.666666666667,1,0.333333333333,0.666666666667,0,1.33333333333,151212,H,1.8,3.5,4.5
0.333333333333,0.333333333333,0.333333333333,2,0.666666666667,0,0.333333333333,4,151212,H,1.95,3.75,3.75
0,1,0,0.666666666667,0.333333333333,0.333333333333,0.333333333333,0.666666666667,151212,D,2.5,3.3,2.88
0.666666666667,0.333333333333,0,3,0.666666666667,0,0.333333333333,1.66666666667,151212,D,1.57,4.2,5.75
0,0.333333333333,0.666666666667,1.33333333333,0,0.666666666667,0.333333333333,1.33333333333,151213,H,2.63,3.5,2.63
1,0,0,4,0.333333333333,0.333333333333,0.333333333333,1,151213,H,1.17,8,15
0.333333333333,0.333333333333,0.333333333333,1.66666666667,0,0.333333333333,0.666666666667,0.333333333333,151218,H,1.67,4,5
0,0.666666666667,0.333333333333,0.333333333333,0.333333333333,0.333333333333,0.333333333333,1,151219,H,2.25,3.4,3.2
0,0.333333333333,0.666666666667,0,0.666666666667,0.333333333333,0,2,151219,H,7,4.75,1.44
0.333333333333,0.666666666667,0,1.66666666667,0.666666666667,0.333333333333,0,2,151219,A,2.4,3.3,3
0.333333333333,0.666666666667,0,2,0.333333333333,0.333333333333,0.333333333333,1.33333333333,151219,A,15,6.5,1.2
0.333333333333,0.333333333333,0.333333333333,1.33333333333,0.333333333333,0.666666666667,0,1.66666666667,151219,A,4.75,3.5,1.8
0.333333333333,0.333333333333,0.333333333333,1,0.333333333333,0.333333333333,0.333333333333,0.333333333333,151219,H,3.5,3.6,2
0.666666666667,0.333333333333,0,1.33333333333,0.333333333333,0,0.666666666667,2,151220,H,2.15,3.4,3.4
0.666666666667,0,0.333333333333,1.66666666667,0.333333333333,0.666666666667,0,0.666666666667,151220,H,1.5,4.33,6.5
0.333333333333,0.666666666667,0,1.33333333333,0.666666666667,0.333333333333,0,1.66666666667,160122,A,13,6.5,1.22
0.333333333333,0.333333333333,0.333333333333,0.666666666667,0,0.666666666667,0.333333333333,0.333333333333,160123,A,2.15,3.5,3.3
0.333333333333,0.666666666667,0,1.66666666667,0.333333333333,0.666666666667,0,1.33333333333,160123,A,2.3,3.3,3.2
1,0,0,1.66666666667,1,0,0,2,160123,D,2.2,3.3,3.4
0.333333333333,0,0.666666666667,1.33333333333,0.666666666667,0.333333333333,0,1.66666666667,160123,D,4.33,3.8,1.8
0.333333333333,0.333333333333,0.333333333333,1.33333333333,0.333333333333,0.333333333333,0.333333333333,1,160123,H,2.4,3.2,3.1
1,0,0,2.66666666667,0.333333333333,0.666666666667,0,1.33333333333,160123,A,4.5,4.2,1.7
0.333333333333,0.666666666667,0,1,0,0.666666666667,0.333333333333,0.333333333333,160124,H,3.6,3.5,2.05
0.666666666667,0.333333333333,0,1.66666666667,0,0.666666666667,0.333333333333,0.666666666667,160124,A,1.67,4,5
0.666666666667,0,0.333333333333,1.33333333333,0.333333333333,0.333333333333,0.333333333333,2.33333333333,160129,H,2.6,3.4,2.7
0.333333333333,0.333333333333,0.333333333333,1,0,0.666666666667,0.333333333333,0.666666666667,160130,D,1.95,3.6,4
0,0.333333333333,0.666666666667,0.333333333333,0,0.666666666667,0.333333333333,1.33333333333,160130,A,3.4,3.4,2.15
1,0,0,3.66666666667,0,0.666666666667,0.333333333333,0,160130,H,1.17,7,19
0.333333333333,0.333333333333,0.333333333333,2.33333333333,0,1,0,0.666666666667,160130,H,1.25,6,12
0.333333333333,0.333333333333,0.333333333333,1.33333333333,0.333333333333,0,0.666666666667,1.66666666667,160130,H,1.95,3.6,3.8
0,0.666666666667,0.333333333333,1,0.666666666667,0.333333333333,0,2.33333333333,160130,D,2.5,3.3,2.8
1,0,0,2.66666666667,0,0.666666666667,0.333333333333,0.333333333333,160131,H,1.08,13,21
0.333333333333,0.333333333333,0.333333333333,2.66666666667,0.333333333333,0,0.666666666667,1,160131,D,1.57,4,5.75
0.666666666667,0.333333333333,0,2.33333333333,0.333333333333,0.333333333333,0.333333333333,1.66666666667,160205,H,1.7,4,4.5
0.666666666667,0.333333333333,0,1.66666666667,0.333333333333,0.333333333333,0.333333333333,1.33333333333,160206,A,2.7,3.6,2.5
0.333333333333,0.666666666667,0,1.66666666667,0.333333333333,0.666666666667,0,1,160206,A,2.75,3.3,2.6
0.666666666667,0,0.333333333333,1.33333333333,0.666666666667,0.333333333333,0,2,160206,D,6.5,4.33,1.5
0.333333333333,0.333333333333,0.333333333333,0.666666666667,0.666666666667,0,0.333333333333,0.666666666667,160206,H,2.5,3.1,3.1
0.666666666667,0,0.333333333333,3,0.666666666667,0.333333333333,0,1.33333333333,160206,D,5.25,4.2,1.6
0.666666666667,0.333333333333,0,1.66666666667,0,0.666666666667,0.333333333333,1,160206,H,2.45,3.5,2.8
0,1,0,0.666666666667,0,0,1,0.666666666667,160207,D,2.5,3.2,3
0.333333333333,0,0.666666666667,1.66666666667,0.666666666667,0.333333333333,0,1.66666666667,160207,A,2,3.3,4
0.666666666667,0,0.333333333333,1,0.333333333333,0.333333333333,0.333333333333,1.33333333333,160212,H,2.9,3.4,2.45
0,0.666666666667,0.333333333333,0,0.333333333333,0.333333333333,0.333333333333,1,160213,A,4.75,3.75,1.75
1,0,0,3.33333333333,0,1,0,0.333333333333,160213,H,1.14,8.5,17
0.333333333333,0.666666666667,0,1,0,0.666666666667,0.333333333333,0.666666666667,160213,H,1.91,3.8,3.8
0.666666666667,0,0.333333333333,2,0.333333333333,0.333333333333,0.333333333333,2.33333333333,160213,H,2.1,3.5,3.5
0,0.333333333333,0.666666666667,1.66666666667,0,0.666666666667,0.333333333333,0.333333333333,160213,D,2.2,3.5,3.25
0,0.333333333333,0.666666666667,1,0,1,0,0,160213,H,1.73,3.6,5.25
0.333333333333,0,0.666666666667,0.666666666667,0.666666666667,0,0.333333333333,1,160214,A,13,6,1.22
0,0.666666666667,0.333333333333,0.666666666667,0,0.666666666667,0.333333333333,1,160214,H,3.3,3.6,2.1
0.666666666667,0.333333333333,0,2.33333333333,0.333333333333,0.333333333333,0.333333333333,1.66666666667,160219,D,2.25,3.5,3
1,0,0,2,0.666666666667,0.333333333333,0,2,160220,H,1.08,12,26
0.333333333333,0,0.666666666667,0.666666666667,0,1,0,1,160220,D,2.75,3.3,2.6
0.333333333333,0.333333333333,0.333333333333,0.666666666667,0.333333333333,0.666666666667,0,0.333333333333,160220,H,2.4,3.4,2.9
0.666666666667,0.333333333333,0,1,0.333333333333,0.666666666667,0,1.66666666667,160220,H,2.1,3.3,3.6
0.666666666667,0.333333333333,0,3,0,0,1,1,160220,H,1.91,3.6,4
0,1,0,0.333333333333,0.333333333333,0.333333333333,0.333333333333,0.666666666667,160221,A,2.63,3.3,2.75
0.666666666667,0,0.333333333333,2.66666666667,0.333333333333,0.333333333333,0.333333333333,1.33333333333,160221,A,3.4,3.5,2.1
0.666666666667,0.333333333333,0,1.66666666667,0.666666666667,0,0.333333333333,2.33333333333,160221,D,2.15,3.75,3.1
0.666666666667,0.333333333333,0,2,0.333333333333,0.333333333333,0.333333333333,2.33333333333,160226,A,2.1,3.3,3.75
0.333333333333,0.333333333333,0.333333333333,1.66666666667,0,1,0,0,160227,D,2.4,3,3.3
1,0,0,2.33333333333,0,1,0,0,160227,A,1.53,4,6.5
0,0,1,1.66666666667,0.666666666667,0.333333333333,0,1.66666666667,160227,D,2.1,3.4,3.6
0.333333333333,0,0.666666666667,1.33333333333,0.666666666667,0,0.333333333333,1.66666666667,160227,A,9,4.5,1.4
0.333333333333,0.333333333333,0.333333333333,1,0,1,0,0.666666666667,160228,D,2.7,3.4,2.6
1,0,0,2.33333333333,0,0.666666666667,0.333333333333,0.333333333333,160228,H,1.18,7,17
0.333333333333,0.333333333333,0.333333333333,1.66666666667,0.333333333333,0.666666666667,0,1.33333333333,160228,D,3.2,3.4,2.25
0.666666666667,0,0.333333333333,1,0.666666666667,0,0.333333333333,1.33333333333,160228,H,3.75,3.5,2
0,1,0,0.333333333333,0,0.666666666667,0.333333333333,1,160301,A,4.2,3.75,1.85
1,0,0,1.66666666667,0,0.333333333333,0.666666666667,0.666666666667,160301,D,2.5,3.1,3
1,0,0,2.33333333333,0.333333333333,0.666666666667,0,1,160302,A,1.13,9,21
0,1,0,0.333333333333,0.666666666667,0,0.333333333333,1.33333333333,160302,A,8,4.75,1.4
0,0,1,0.333333333333,0,0.666666666667,0.333333333333,0.666666666667,160302,H,1.85,3.6,4.33
0.333333333333,0.333333333333,0.333333333333,1.33333333333,0.333333333333,0.333333333333,0.333333333333,0.666666666667,160302,H,2.25,3.4,3.3
0.333333333333,0.333333333333,0.333333333333,1,0.333333333333,0.666666666667,0,1.33333333333,160302,A,1.44,4.75,7
0.666666666667,0.333333333333,0,2.33333333333,0.666666666667,0,0.333333333333,2.66666666667,160302,H,2.05,3.8,3.4
0.333333333333,0.333333333333,0.333333333333,1.66666666667,0,0.333333333333,0.666666666667,0.666666666667,160302,H,1.85,3.6,4.33
0,0.333333333333,0.666666666667,1,0.333333333333,0.333333333333,0.333333333333,1.33333333333,160305,D,2.9,3.3,2.5
1,0,0,2,0.666666666667,0,0.333333333333,1.66666666667,160305,D,3.1,3.4,2.3
0,0.333333333333,0.666666666667,0.666666666667,0,0.666666666667,0.333333333333,0.333333333333,160305,D,2.5,3.2,3
0.333333333333,0.666666666667,0,1.33333333333,0.333333333333,0.333333333333,0.333333333333,1,160305,A,2.4,3.2,3.1
0.666666666667,0.333333333333,0,1.66666666667,0,0.666666666667,0.333333333333,0.666666666667,160305,H,1.91,3.6,4
0,0,1,2,0.333333333333,0.666666666667,0,0.666666666667,160305,H,1.73,3.8,4.75
0.333333333333,0.333333333333,0.333333333333,1,0,0.666666666667,0.333333333333,1.33333333333,160305,H,1.95,3.75,3.6
0.333333333333,0,0.666666666667,1.66666666667,0.333333333333,0.333333333333,0.333333333333,1.33333333333,160306,H,2.88,3.1,2.63
1,0,0,2,0.333333333333,0.333333333333,0.333333333333,1.66666666667,160306,D,1.75,3.6,5
0.333333333333,0,0.666666666667,1,0.333333333333,0.333333333333,0.333333333333,1.33333333333,160311,H,2.4,3.2,3
0.666666666667,0.333333333333,0,2,0.333333333333,0.666666666667,0,1.66666666667,160312,H,1.13,9,21
0,1,0,0.333333333333,0.333333333333,0.666666666667,0,1,160312,D,2.8,3.1,2.7
0,1,0,0,0,0.333333333333,0.666666666667,0.666666666667,160312,A,3.5,3.3,2.15
0.666666666667,0.333333333333,0,1.66666666667,0.333333333333,0.333333333333,0.333333333333,1.66666666667,160312,H,3.4,3.6,2.1
0.666666666667,0,0.333333333333,1.66666666667,0.333333333333,0.333333333333,0.333333333333,1.66666666667,160312,D,3,3.2,2.5
1,0,0,3.33333333333,0,0.666666666667,0.333333333333,0.333333333333,160312,H,1.57,4.33,5.5
0.666666666667,0,0.333333333333,1.33333333333,0.666666666667,0.333333333333,0,1.66666666667,160313,H,1.36,5,8.5
0,0.666666666667,0.333333333333,0.333333333333,0,0.666666666667,0.333333333333,1,160313,H,1.67,3.75,5.5
0.666666666667,0,0.333333333333,2.33333333333,0,0.666666666667,0.333333333333,1.66666666667,160318,H,2.45,3.5,2.8
0,0,1,0.333333333333,0.333333333333,0.666666666667,0,1,160319,H,1.85,3.6,4.33
0.333333333333,0.666666666667,0,1.33333333333,0.666666666667,0,0.333333333333,1.66666666667,160319,A,11,5,1.29
0.666666666667,0,0.333333333333,2,0,0.666666666667,0.333333333333,1,160319,A,2.25,3.4,3.2
0.666666666667,0,0.333333333333,1.66666666667,0,0.333333333333,0.666666666667,0.666666666667,160319,H,2.05,3.2,4
0.333333333333,0,0.666666666667,2.33333333333,0.333333333333,0.666666666667,0,1.33333333333,160319,D,2.38,3.4,3
0.666666666667,0.333333333333,0,1.33333333333,0,0.333333333333,0.666666666667,1,160319,D,1.44,4.33,8
0,0.333333333333,0.666666666667,2,0.666666666667,0,0.333333333333,1,160320,A,6.5,4.33,1.5
0.666666666667,0.333333333333,0,2.66666666667,0.333333333333,0.333333333333,0.333333333333,2,160320,A,2.3,3.5,2.9
0.333333333333,0.666666666667,0,0.666666666667,0.333333333333,0.333333333333,0.333333333333,1.66666666667,160401,H,2,3.2,4
0.666666666667,0.333333333333,0,3,0,1,0,0.333333333333,160402,H,1.13,9,21
0,0.666666666667,0.333333333333,1,0,0.333333333333,0.666666666667,1.33333333333,160402,D,3.4,3.3,2.2
0.666666666667,0,0.333333333333,1.66666666667,0.333333333333,0.666666666667,0,1.33333333333,160402,H,1.2,7,13
0,1,0,0,0,0.666666666667,0.333333333333,0.666666666667,160402,A,3.1,3.25,2.38
0.333333333333,0,0.666666666667,2,0.333333333333,0.333333333333,0.333333333333,1,160402,H,2.75,3,2.7
0.666666666667,0,0.333333333333,1.66666666667,0.333333333333,0.333333333333,0.333333333333,1.33333333333,160402,H,2.1,3.4,3.6
1,0,0,2,0.333333333333,0.333333333333,0.333333333333,1,160403,D,2.38,3.3,3.1
1,0,0,2.66666666667,0.333333333333,0.666666666667,0,0.333333333333,160403,H,1.83,3.6,4.33
1,0,0,2,0.333333333333,0.666666666667,0,1,160408,D,1.5,4.2,7
0.333333333333,0,0.666666666667,0.666666666667,0.333333333333,0.666666666667,0,1.66666666667,160409,A,2.3,3.25,3.1
0.333333333333,0.333333333333,0.333333333333,1.33333333333,0,0,1,1,160409,A,2.05,3.4,3.6
0.333333333333,0,0.666666666667,2.33333333333,0,0.666666666667,0.333333333333,1.33333333333,160409,H,3.2,3.4,2.2
0.333333333333,0.666666666667,0,2,0.666666666667,0,0.333333333333,1,160409,A,6,4.33,1.5
0.333333333333,0,0.666666666667,2.33333333333,0,0.666666666667,0.333333333333,1.66666666667,160409,A,2.05,3.4,3.5
0.333333333333,0.333333333333,0.333333333333,1,0.333333333333,0.333333333333,0.333333333333,1,160409,D,2.2,3.4,3.25
0,1,0,0.333333333333,0.333333333333,0.333333333333,0.333333333333,2,160410,A,3.1,3.25,2.3
0.666666666667,0,0.333333333333,2,1,0,0,2,160410,D,4.2,4,1.73
0,1,0,0,0,1,0,0.666666666667,160415,H,5.5,4,1.62
0,0.333333333333,0.666666666667,2,0,0.333333333333,0.666666666667,1.66666666667,160416,H,2.45,3.6,2.75
0.666666666667,0.333333333333,0,2.33333333333,0.333333333333,0.666666666667,0,1,160416,H,1.18,7.5,15
0,0.333333333333,0.666666666667,1.33333333333,0,0.333333333333,0.666666666667,1,160416,H,2.55,3.2,2.88
0.666666666667,0,0.333333333333,1.33333333333,0.333333333333,0.666666666667,0,0.333333333333,160416,H,2.38,3.4,3
0.666666666667,0.333333333333,0,1.66666666667,0,1,0,0,160416,H,1.36,5.25,8
0.333333333333,0.333333333333,0.333333333333,2,0.333333333333,0.666666666667,0,1.33333333333,160416,H,2.5,3.5,2.75
0.666666666667,0,0.333333333333,1.66666666667,0.333333333333,0.666666666667,0,1.66666666667,160417,H,1.33,5.25,9
0.666666666667,0,0.333333333333,2.33333333333,0.333333333333,0,0.666666666667,1.33333333333,160417,A,2.1,3.4,3.6
0.333333333333,0.666666666667,0,1.33333333333,0.333333333333,0.666666666667,0,2,160422,H,2.6,3.5,2.63
0,1,0,0.333333333333,0.333333333333,0,0.666666666667,1,160423,H,1.95,3.3,4.33
0.666666666667,0,0.333333333333,2,0.666666666667,0,0.333333333333,1.33333333333,160423,A,9,4.5,1.4
0.666666666667,0,0.333333333333,2.33333333333,0,0.666666666667,0.333333333333,1,160423,D,1.91,3.4,4.33
0.666666666667,0,0.333333333333,2.33333333333,0.666666666667,0,0.333333333333,2.33333333333,160423,A,3,3.3,2.4
0.333333333333,0.666666666667,0,2,0.666666666667,0,0.333333333333,2.33333333333,160423,A,4.75,4.2,1.65
0.333333333333,0,0.666666666667,1.33333333333,0.333333333333,0.333333333333,0.333333333333,2,160423,A,1.8,3.75,4.33
0.333333333333,0.333333333333,0.333333333333,0.666666666667,0,0.333333333333,0.666666666667,0.666666666667,160424,H,2.88,3.3,2.5
1,0,0,4,0.666666666667,0.333333333333,0,2,160424,H,1.62,4.2,5.25
0.333333333333,0.333333333333,0.333333333333,1.66666666667,0.666666666667,0,0.333333333333,2,160429,D,2.45,3.25,3
1,0,0,3,0,1,0,0.333333333333,160430,D,1.4,5,7.5
0.333333333333,0,0.666666666667,2,0,1,0,0,160430,A,2.5,3.2,3
1,0,0,2.66666666667,0,1,0,0.666666666667,160430,H,1.36,5,8.5
0.333333333333,0.666666666667,0,0.666666666667,0,1,0,0,160430,A,3.8,4,1.85
0.666666666667,0,0.333333333333,1.33333333333,0,0.666666666667,0.333333333333,0.666666666667,160430,H,1.8,3.6,4.6
1,0,0,2.33333333333,0,1,0,0.333333333333,160430,H,1.62,3.75,6
0.333333333333,0.333333333333,0.333333333333,2,0.333333333333,0.666666666667,0,1,160430,D,1.8,3.75,4.33
0.333333333333,0.333333333333,0.333333333333,1.66666666667,0,0.333333333333,0.666666666667,1.66666666667,160502,H,2.05,3.6,3.5
0.666666666667,0.333333333333,0,1,0.666666666667,0,0.333333333333,2.66666666667,160507,H,7,4.75,1.45
0.333333333333,0.666666666667,0,1.33333333333,0,1,0,1,160507,D,2.8,3.75,2.38
0.333333333333,0.666666666667,0,1.33333333333,0,1,0,1,160507,A,2.7,3.4,2.63
0.333333333333,0.666666666667,0,1,0.666666666667,0.333333333333,0,2,160507,H,3.4,3.75,2.05
0.333333333333,0.333333333333,0.333333333333,1.33333333333,0.333333333333,0.333333333333,0.333333333333,1.33333333333,160507,A,1.75,3.6,5
0.666666666667,0,0.333333333333,2,1,0,0,2,160507,A,15,7,1.18
1,0,0,3.66666666667,1,0,0,2.33333333333,160507,H,1.91,3.8,3.8
0.333333333333,0.333333333333,0.333333333333,2,0.666666666667,0.333333333333,0,2,160507,D,1.7,4.2,4.5
0,1,0,0.333333333333,0,0.333333333333,0.666666666667,1,160507,A,2.1,3.8,3.2
0.333333333333,0.333333333333,0.333333333333,0.666666666667,0.333333333333,0.333333333333,0.333333333333,1,160514,A,2,3.5,3.8
0.666666666667,0,0.333333333333,1.66666666667,0,0.333333333333,0.666666666667,1.33333333333,160514,H,1.08,11,26
0.333333333333,0.333333333333,0.333333333333,1.66666666667,0,0.666666666667,0.333333333333,0.333333333333,160514,A,3.5,3.75,2
1,0,0,3.66666666667,0.333333333333,0,0.666666666667,1.33333333333,160514,D,1.29,5.75,8
0.666666666667,0,0.333333333333,1.66666666667,0.333333333333,0.666666666667,0,1,160514,A,3.2,3.8,2.05
1,0,0,2.66666666667,0,1,0,0.666666666667,160514,H,1.5,4.33,6.5
0.333333333333,0.333333333333,0.333333333333,2,0,1,0,0.666666666667,160514,D,2.05,3.6,3.5
0.666666666667,0.333333333333,0,3.33333333333,0.333333333333,0.666666666667,0,0.666666666667,160514,H,2,3.75,3.5
0,0.333333333333,0.666666666667,0.666666666667,0,0.666666666667,0.333333333333,1.33333333333,160514,H,2.3,4,2.75
